{"cameraMode":{"drawMode":0,"name":"Shaded","section":"Shading Mode"},"sceneLighting":true,"audioPlay":false,"sceneViewState":{"m_AlwaysRefresh":false,"showFog":true,"showSkybox":true,"showFlares":true,"showImageEffects":true,"showParticleSystems":true,"showVisualEffectGraphs":true,"m_FxEnabled":true},"in2DMode":false,"pivot":{"x":-0.08036041259765625,"y":11.534976959228516,"z":-19.662132263183595},"rotation":{"x":0.07528067380189896,"y":0.6940591335296631,"z":-0.07336225360631943,"w":0.7122054100036621},"size":16.012365341186525,"orthographic":false}