{"cameraMode":{"drawMode":0,"name":"Shaded","section":"Shading Mode"},"sceneLighting":false,"audioPlay":false,"sceneViewState":{"m_AlwaysRefresh":false,"showFog":true,"showSkybox":false,"showFlares":true,"showImageEffects":true,"showParticleSystems":true,"showVisualEffectGraphs":true,"m_FxEnabled":true},"in2DMode":false,"pivot":{"x":0.32275092601776125,"y":0.038729190826416019,"z":-1.9183045625686646},"rotation":{"x":0.09139421582221985,"y":0.35058674216270449,"z":-0.034400224685668948,"w":0.9314274787902832},"size":1.3180127143859864,"orthographic":false}